arquitetura,cenario,tensao_maxima_barras_pv_dia_pu,tensao_maxima_rede_dia_pu,horas_com_violacao_barras_pv,energia_disponivel_kwh,energia_cortada_kwh,curtailment_percentual_dia,sigma_r_diario_por_energia,tensao_maxima_barras_pv_hora_pico_pu,curtailment_percentual_816,curtailment_percentual_824,curtailment_percentual_828,curtailment_percentual_830,curtailment_percentual_832,curtailment_percentual_850,horas_com_controle_ativo,horas_nao_convergidas,iteracoes_totais_no_dia,horas_com_consenso_satisfeito,erro_consenso_global_hora_pico,consenso_satisfeito_hora_pico,iteracoes_hora_pico,status_hora_pico,sigma_r_global_hora_pico,sigma_r_por_particao_hora_pico,barras_hora_com_sobretensao_no_dia,barras_hora_com_subtensao_no_dia
sem_controle,sem_controle,1.065079232074837,1.065079232074837,8,4573.578480614227,0.0,0.0,0.0,1.065079232074837,0.0,0.0,0.0,0.0,0.0,0.0,,,,,,,,,,,170,85
leader_follower,C1,1.0504998653253068,1.050798209951824,0,4573.617574658268,1904.7837134633783,41.64720120058792,0.019220371667332627,1.0504994043677758,44.62487323060296,43.14609229033618,41.735184757629185,40.53234707922842,39.19670325765751,39.65717629368834,8.0,0.0,1481.0,16.0,0.02267201383681327,False,167.0,convergiu,0.022671992544232456,[0.022672],52,85
leader_follower,C2,1.0608520426612322,1.0608520426612322,8,4573.580351424379,754.8996069607753,16.50565965733328,0.3493855930506552,1.0608520426612322,93.75037410141313,0.0003416773464658657,0.0003437229623202074,0.0003979999987233183,0.0005059522755393004,0.00031930300119458187,8.0,7.0,3647.0,16.0,0.372677996249965,False,500.0,nao_convergiu,0.37267553302570194,"[0.0, 0.0]",145,85
leader_follower,C3_lider_curta,1.0504989670073044,1.0507974957944095,0,4573.617580210631,1904.1757102814076,41.63390744605529,0.007595114043275528,1.0504980178406227,43.16161110981736,41.83112016170145,41.35104706318518,41.12915135458642,40.88110988582522,41.1887007294804,8.0,0.0,1461.0,16.0,0.008387849586585384,False,167.0,convergiu,0.008387833871387088,[0.008388],50,85
leader_follower,C3_lider_longa,1.0608520426612322,1.0608520426612322,1,4573.611181198156,1624.7197512288708,35.523783873626975,0.06277948326183418,1.0608520426612322,49.37207631844397,32.999446910951505,32.60028291508753,32.41637011036509,32.21170174362064,32.46621180727987,8.0,1.0,1794.0,16.0,0.372677996249965,False,500.0,nao_convergiu,0.37267249533029395,[0.372672],73,85
leader_follower,C3_naolider_curta,1.0504989670073044,1.0507974957944095,0,4573.617583979652,1904.340557956838,41.63751172873115,0.007579627859925802,1.0504919920148512,43.162106985489515,41.834312984790344,41.35521848120216,41.13378196525973,40.886264731844655,41.19321410595694,8.0,0.0,1457.0,16.0,0.008286400822004877,False,163.0,convergiu,0.008286385315531572,[0.008286],50,85
leader_follower,C3_naolider_longa,1.0504989670073044,1.0507974957944095,0,4573.617522031175,1906.8805547478987,41.69304813011648,0.04254041871273027,1.050491036588137,44.88978092222755,43.57482175596844,43.093587816439275,42.88112412717434,32.21180137531302,42.95952780099829,8.0,0.0,1457.0,16.0,0.25794923244326395,False,163.0,convergiu,0.25794335336750784,"[0.00763, 0.0]",50,85
leader_follower,C0,1.0504995469371559,1.0507981265196211,0,4573.617581850547,1904.1351094093627,41.63301971213177,0.007401274914890934,1.0504939807489024,43.131704485400554,41.81236514806506,41.34517611229075,41.130895986565655,40.93360102200255,41.191423981777106,8.0,0.0,1959.0,16.0,0.008045631680927964,False,220.0,convergiu,0.008045620683834298,[0.008046],51,85
leader_follower,C0_perda_0.05,1.0504971558779228,1.0507977394086376,0,4573.617580118162,1904.1185516562985,41.63265770040845,0.007396202352913034,1.0504943766047512,43.130704870429135,41.81105375084137,41.345563203698575,41.13005862875892,40.93438409022943,41.19192095446259,8.0,0.0,1986.0,16.0,0.008040894069291867,False,223.0,convergiu,0.008040883481098717,[0.008041],50,85
leader_follower,C0_perda_0.10,1.0504994107470977,1.05079789026866,0,4573.617576609672,1903.8484252153721,41.626751544597994,0.007401397179896557,1.0504961708997922,43.127178773462724,41.80281026526211,41.33806825111711,41.124069056336864,40.930478503602245,41.185934247361196,8.0,0.0,2013.0,16.0,0.008060821874962334,False,226.0,convergiu,0.008060810787025785,[0.008061],51,85
leader_follower,C0_perda_0.20,1.0504995946954556,1.0507979514656278,0,4573.617575207961,1903.7863066564923,41.62539336424357,0.007381327979228294,1.05049768703031,43.12197511789807,41.801900545386296,41.3363987873829,41.120016235312576,40.93529522376882,41.185517540526114,8.0,0.0,2083.0,16.0,0.008017429227820559,False,235.0,convergiu,0.008017420597053482,[0.008017],51,85
leaderless,C1,1.0504996215540174,1.050797688513331,0,4573.61758763851,1905.138355037646,41.654955153811265,0.016547532425672546,1.0504889674692404,44.35632176142532,42.873799541568594,41.52965073877313,40.61885294233689,39.426692775549526,40.354698314411586,8.0,0.0,537.0,16.0,0.023715580414561326,False,55.0,convergiu,0.023715534159603577,[0.023716],51,85
leaderless,C2,1.0504998956697011,1.0507974619454468,0,4573.6174432495345,1908.4696386459746,41.727793422311585,0.1175041728691606,1.0504882848552968,67.71673734188074,36.10453074381736,35.94920058976348,36.10442260094244,36.25180499332855,36.544572320607784,8.0,0.0,524.0,16.0,0.11847210607503832,False,52.0,convergiu,0.11847206300074982,"[0.0, 0.002058]",51,85
leaderless,C3_lider_curta,1.0504977861724873,1.0507967743424314,0,4573.617596475569,1905.0489677435448,41.65300066213616,0.006705780278398107,1.0504839425460843,42.98863163527568,41.8063793288494,41.205866779504944,41.134969450684416,41.00061995223799,41.621009150609325,8.0,0.0,530.0,16.0,0.008129343255192512,False,54.0,convergiu,0.008129308747659261,[0.008129],50,85
leaderless,C3_lider_longa,1.0504977861724873,1.0507967743424314,0,4573.617547859717,1905.390246819043,41.660463011619655,0.02317812543437683,1.050488284844397,46.750606310644066,40.916100254128736,40.39651264410018,40.369373102106785,40.29204464813227,40.84926192714477,8.0,0.0,528.0,16.0,0.11847209771057311,False,52.0,convergiu,0.11847205463629466,"[0.0, 0.002058]",50,85
leaderless,C3_naolider_curta,1.0504977861724873,1.0507967743424314,0,4573.617596573005,1905.082891002489,41.65374237736799,0.006851787893458249,1.0504831653567683,43.015645876032956,41.816916584031745,41.21445548792684,41.13419139940467,40.96437787440543,41.6096688176922,8.0,0.0,530.0,16.0,0.009168142541440393,False,54.0,convergiu,0.00916810379879375,[0.009168],50,85
leaderless,C3_naolider_longa,1.0504977861724873,1.0507967743424314,0,4573.617538313639,1906.8467921875501,41.69230977915642,0.03535477284570548,1.050494724391692,44.371893257114706,43.2308062187054,42.62929583270035,42.58577223182667,33.8330180371412,43.11729345806375,8.0,0.0,528.0,16.0,0.21382597090590996,False,52.0,convergiu,0.21382585087433914,"[0.006598, 0.0]",50,85
leaderless,C0,1.0504974389982733,1.0507978401993958,0,4573.6175945323785,1905.0301418595377,41.65258906072391,0.0061354579072981485,1.0504914356146176,42.891482520975785,41.756683797900976,41.19171090694108,41.14611181936824,41.15571088370813,41.63697946557103,8.0,0.0,717.0,16.0,0.0070355919070013385,False,73.0,convergiu,0.007035570092927308,[0.007036],50,85
leaderless,C0_perda_0.05,1.0504971134159584,1.050797721679297,0,4573.61758717317,1904.6758613446586,41.64484295071743,0.006141753693381687,1.0504966890528045,42.88496763910803,41.748006925432094,41.182244244011784,41.137660539211,41.148454251853565,41.63137944930098,8.0,0.0,726.0,16.0,0.007105889104117117,False,74.0,convergiu,0.007105867071771023,[0.007106],50,85
leaderless,C0_perda_0.10,1.0504999775582753,1.0507987635540048,0,4573.617576731005,1904.0021451551534,41.630112557771824,0.006166318340080054,1.0504992849469652,42.876285051613486,41.73420985983162,41.165562747334626,41.119401223105214,41.136351864584825,41.61060099995093,8.0,0.0,735.0,16.0,0.007082640458827953,False,75.0,convergiu,0.007082619445286571,[0.007083],53,85
leaderless,C0_perda_0.20,1.0504976146221043,1.050797904512319,0,4573.617587296855,1904.6007297114356,41.64320023172535,0.006114448213999201,1.0504894736817383,42.881124119704715,41.74696724152208,41.18703859537098,41.13563942498951,41.156842513080356,41.612365220717315,8.0,0.0,763.0,16.0,0.006871115725480589,False,79.0,convergiu,0.006871097907442941,[0.006871],50,85
